{
  "Ansi 6 Color" : {
    "Red Component" : 0.58913302421569824,
    "Color Space" : "sRGB",
    "Blue Component" : 0.70631235837936401,
    "Alpha Component" : 1,
    "Green Component" : 0.70745319128036499
  },
  "Tags" : [

  ],
  "Ansi 12 Color" : {
    "Red Component" : 0.75901931524276733,
    "Color Space" : "sRGB",
    "Blue Component" : 0.99943333864212036,
    "Alpha Component" : 1,
    "Green Component" : 0.89171749353408813
  },
  "Ansi 1 Color" : {
    "Red Component" : 0.7470126748085022,
    "Color Space" : "sRGB",
    "Blue Component" : 0.41516000032424927,
    "Alpha Component" : 1,
    "Green Component" : 0.38004910945892334
  },
  "Draw Powerline Glyphs" : true,
  "Bold Color" : {
    "Red Component" : 0.32549023628234863,
    "Color Space" : "sRGB",
    "Blue Component" : 0.41960781812667847,
    "Alpha Component" : 1,
    "Green Component" : 0.37254902720451355
  },
  "Normal Font" : "MesloLGS-NF-Regular 12",
  "Ansi 2 Color" : {
    "Red Component" : 0.73710846900939941,
    "Color Space" : "sRGB",
    "Blue Component" : 0.58712011575698853,
    "Alpha Component" : 1,
    "Green Component" : 0.85145449638366699
  },
  "Ansi 4 Color" : {
    "Red Component" : 0.56127995252609253,
    "Color Space" : "sRGB",
    "Blue Component" : 0.70298492908477783,
    "Alpha Component" : 1,
    "Green Component" : 0.63348031044006348
  },
  "Rows" : 60,
  "Default Bookmark" : "No",
  "Ansi 3 Color" : {
    "Red Component" : 0.92080831527709961,
    "Color Space" : "sRGB",
    "Blue Component" : 0.54674530029296875,
    "Alpha Component" : 1,
    "Green Component" : 0.79379349946975708
  },
  "Cursor Guide Color" : {
    "Red Component" : 0.70213186740875244,
    "Color Space" : "sRGB",
    "Blue Component" : 1,
    "Alpha Component" : 0.25,
    "Green Component" : 0.9268307089805603
  },
  "Non-ASCII Anti Aliased" : true,
  "Use Bright Bold" : true,
  "Ansi 10 Color" : {
    "Red Component" : 0.84225720167160034,
    "Color Space" : "sRGB",
    "Blue Component" : 0.72637015581130981,
    "Alpha Component" : 1,
    "Green Component" : 0.98993581533432007
  },
  "Ambiguous Double Width" : false,
  "Jobs to Ignore" : [
    "rlogin",
    "ssh",
    "slogin",
    "telnet"
  ],
  "Ansi 15 Color" : {
    "Red Component" : 0.99989324808120728,
    "Color Space" : "sRGB",
    "Blue Component" : 0.99988085031509399,
    "Alpha Component" : 1,
    "Green Component" : 1
  },
  "Foreground Color" : {
    "Red Component" : 0.65678715705871582,
    "Color Space" : "sRGB",
    "Blue Component" : 0.73042553663253784,
    "Alpha Component" : 1,
    "Green Component" : 0.6763572096824646
  },
  "Working Directory" : "\/Users\/clemens",
  "Blinking Cursor" : false,
  "Disable Window Resizing" : true,
  "Sync Title" : false,
  "Prompt Before Closing 2" : false,
  "BM Growl" : true,
  "Command" : "login -pfq clemens \/opt\/homebrew\/bin\/zsh -il",
  "Description" : "Default",
  "Mouse Reporting" : true,
  "Screen" : -1,
  "Selection Color" : {
    "Red Component" : 0.30904346704483032,
    "Color Space" : "sRGB",
    "Blue Component" : 0.39982312917709351,
    "Alpha Component" : 1,
    "Green Component" : 0.3585091233253479
  },
  "Only The Default BG Color Uses Transparency" : true,
  "Columns" : 110,
  "Idle Code" : 0,
  "Ansi 13 Color" : {
    "Red Component" : 0.99566024541854858,
    "Color Space" : "sRGB",
    "Blue Component" : 0.99875110387802124,
    "Alpha Component" : 1,
    "Green Component" : 0.69600683450698853
  },
  "Custom Command" : "Yes",
  "ASCII Anti Aliased" : true,
  "Non Ascii Font" : "Monaco 12",
  "Vertical Spacing" : 1,
  "Use Bold Font" : true,
  "Option Key Sends" : 0,
  "Selected Text Color" : {
    "Red Component" : 1,
    "Color Space" : "sRGB",
    "Blue Component" : 1,
    "Alpha Component" : 1,
    "Green Component" : 1
  },
  "Background Color" : {
    "Red Component" : 0.14876255393028259,
    "Color Space" : "sRGB",
    "Blue Component" : 0.20496386289596558,
    "Alpha Component" : 1,
    "Green Component" : 0.1673126220703125
  },
  "Character Encoding" : 4,
  "Ansi 11 Color" : {
    "Red Component" : 0.9998200535774231,
    "Color Space" : "sRGB",
    "Blue Component" : 0.8370586633682251,
    "Alpha Component" : 1,
    "Green Component" : 0.99480456113815308
  },
  "Use Italic Font" : true,
  "Unlimited Scrollback" : false,
  "Keyboard Map" : {
    "0xf728-0x80000" : {
      "Action" : 10,
      "Text" : "d"
    },
    "0xf702-0x280000" : {
      "Action" : 10,
      "Text" : "b"
    },
    "0xf70d-0x20000" : {
      "Action" : 10,
      "Text" : "[21;2~"
    },
    "0x7f-0x80000" : {
      "Action" : 11,
      "Text" : "0x1b 0x7f"
    },
    "0xf708-0x20000" : {
      "Action" : 10,
      "Text" : "[15;2~"
    },
    "0x33-0x40000" : {
      "Action" : 11,
      "Text" : "0x1b"
    },
    "0xf703-0x260000" : {
      "Action" : 10,
      "Text" : "[1;6C"
    },
    "0xf729-0x20000" : {
      "Action" : 10,
      "Text" : "[1;2H"
    },
    "0xf702-0x260000" : {
      "Action" : 10,
      "Text" : "[1;6D"
    },
    "0x38-0x40000" : {
      "Action" : 11,
      "Text" : "0x7f"
    },
    "0xf72b-0x40000" : {
      "Action" : 10,
      "Text" : "[1;5F"
    },
    "0xf70c-0x20000" : {
      "Action" : 10,
      "Text" : "[20;2~"
    },
    "0xf701-0x260000" : {
      "Action" : 10,
      "Text" : "[1;6B"
    },
    "0x32-0x40000" : {
      "Action" : 11,
      "Text" : "0x00"
    },
    "0xf707-0x20000" : {
      "Action" : 10,
      "Text" : "[1;2S"
    },
    "0xf703-0x240000" : {
      "Action" : 10,
      "Text" : "[1;5C"
    },
    "0xf700-0x260000" : {
      "Action" : 10,
      "Text" : "[1;6A"
    },
    "0xf702-0x240000" : {
      "Action" : 10,
      "Text" : "[1;5D"
    },
    "0xf703-0x300000" : {
      "Action" : 11,
      "Text" : "0x5"
    },
    "0x37-0x40000" : {
      "Action" : 11,
      "Text" : "0x1f"
    },
    "0x3-0x200000" : {
      "Action" : 11,
      "Text" : "0xd"
    },
    "0xf701-0x240000" : {
      "Action" : 10,
      "Text" : "[1;5B"
    },
    "0xf702-0x300000" : {
      "Action" : 11,
      "Text" : "0x1"
    },
    "0xf703-0x220000" : {
      "Action" : 10,
      "Text" : "[1;2C"
    },
    "0xf739-0x0" : {
      "Action" : 13,
      "Text" : ""
    },
    "0xf70b-0x20000" : {
      "Action" : 10,
      "Text" : "[19;2~"
    },
    "0xf728-0x0" : {
      "Action" : 11,
      "Text" : "0x4"
    },
    "0xf706-0x20000" : {
      "Action" : 10,
      "Text" : "[1;2R"
    },
    "0xf700-0x240000" : {
      "Action" : 10,
      "Text" : "[1;5A"
    },
    "0xf702-0x220000" : {
      "Action" : 10,
      "Text" : "[1;2D"
    },
    "0x36-0x40000" : {
      "Action" : 11,
      "Text" : "0x1e"
    },
    "0xf70f-0x20000" : {
      "Action" : 10,
      "Text" : "[24;2~"
    },
    "0xf701-0x220000" : {
      "Action" : 10,
      "Text" : "[1;2B"
    },
    "0xf70a-0x20000" : {
      "Action" : 10,
      "Text" : "[18;2~"
    },
    "0xf729-0x40000" : {
      "Action" : 10,
      "Text" : "[1;5H"
    },
    "0xf72b-0x20000" : {
      "Action" : 10,
      "Text" : "[1;2F"
    },
    "0xf700-0x220000" : {
      "Action" : 10,
      "Text" : "[1;2A"
    },
    "0x30-0x200000" : {
      "Action" : 12,
      "Text" : "0"
    },
    "0xf705-0x20000" : {
      "Action" : 10,
      "Text" : "[1;2Q"
    },
    "0x31-0x200000" : {
      "Action" : 12,
      "Text" : "1"
    },
    "0x33-0x200000" : {
      "Action" : 12,
      "Text" : "3"
    },
    "0x35-0x40000" : {
      "Action" : 11,
      "Text" : "0x1d"
    },
    "0x34-0x200000" : {
      "Action" : 12,
      "Text" : "4"
    },
    "0x32-0x200000" : {
      "Action" : 12,
      "Text" : "2"
    },
    "0x35-0x200000" : {
      "Action" : 12,
      "Text" : "5"
    },
    "0x36-0x200000" : {
      "Action" : 12,
      "Text" : "6"
    },
    "0x37-0x200000" : {
      "Action" : 12,
      "Text" : "7"
    },
    "0x2d-0x40000" : {
      "Action" : 11,
      "Text" : "0x1f"
    },
    "0x38-0x200000" : {
      "Action" : 12,